<?xml version="1.0" encoding="UTF-8" standalone="yes" ?>
<!DOCTYPE boost_serialization>
<boost_serialization signature="serialization::archive" version="18">
<engine class_id="0" tracking_level="0" version="0">
	<topology_ class_id="1" tracking_level="0" version="0">
		<levels_ class_id="2" tracking_level="0" version="0">
			<count>7</count>
			<item_version>1</item_version>
			<item class_id="3" tracking_level="0" version="1">
				<px class_id="4" class_name="model::ArithmeticUnits" tracking_level="1" version="0" object_id="_0">
					<Level class_id="5" tracking_level="0" version="0"></Level>
					<specs_ class_id="6" tracking_level="0" version="0">
						<LevelSpecs class_id="7" tracking_level="0" version="0">
							<level_name>LMAC</level_name>
						</LevelSpecs>
						<instances class_id="8" tracking_level="0" version="0">
							<t_>1024</t_>
						</instances>
						<meshX>
							<t_>16</t_>
						</meshX>
						<meshY>
							<t_>64</t_>
						</meshY>
						<word_bits>
							<t_>16</t_>
						</word_bits>
					</specs_>
					<energy_>1.10722738579199985e+08</energy_>
					<area_>1.23950000000000000e+03</area_>
					<cycles_>174724</cycles_>
					<utilized_instances_>288</utilized_instances_>
					<avg_utilized_instances_>288</avg_utilized_instances_>
					<algorithmic_computes_>50320512</algorithmic_computes_>
					<random_computes_>50320512</random_computes_>
					<gated_computes_>0</gated_computes_>
					<skipped_computes_>0</skipped_computes_>
				</px>
			</item>
			<item>
				<px class_id="9" class_name="model::BufferLevel" tracking_level="1" version="0" object_id="_1">
					<Level></Level>
					<subnest_ class_id="10" tracking_level="0" version="0">
						<count>2</count>
						<item_version>0</item_version>
						<item class_id="11" tracking_level="0" version="0">
							<dimension>5</dimension>
							<start>0</start>
							<end>38</end>
							<stride>1</stride>
							<spacetime_dimension>0</spacetime_dimension>
						</item>
						<item>
							<dimension>6</dimension>
							<start>0</start>
							<end>2</end>
							<stride>1</stride>
							<spacetime_dimension>0</spacetime_dimension>
						</item>
					</subnest_>
					<specs_ class_id="12" tracking_level="0" version="0">
						<LevelSpecs>
							<level_name>PEWeightRegs</level_name>
						</LevelSpecs>
						<name class_id="13" tracking_level="0" version="0">
							<t_>PEWeightRegs</t_>
						</name>
						<technology class_id="14" tracking_level="0" version="0">
							<t_>0</t_>
						</technology>
						<size>
							<t_>2</t_>
						</size>
						<word_bits>
							<t_>16</t_>
						</word_bits>
						<addr_gen_bits>
							<t_>0</t_>
						</addr_gen_bits>
						<block_size>
							<t_>2</t_>
						</block_size>
						<cluster_size>
							<t_>1</t_>
						</cluster_size>
						<instances>
							<t_>1024</t_>
						</instances>
						<meshX>
							<t_>16</t_>
						</meshX>
						<meshY>
							<t_>64</t_>
						</meshY>
						<shared_bandwidth class_id="15" tracking_level="0" version="0"></shared_bandwidth>
						<read_bandwidth></read_bandwidth>
						<write_bandwidth></write_bandwidth>
						<multiple_buffering>
							<t_>1.00000000000000000e+00</t_>
						</multiple_buffering>
						<min_utilization>
							<t_>0.00000000000000000e+00</t_>
						</min_utilization>
						<num_ports>
							<t_>2</t_>
						</num_ports>
						<num_banks>
							<t_>2</t_>
						</num_banks>
						<read_network_name></read_network_name>
						<fill_network_name></fill_network_name>
						<drain_network_name></drain_network_name>
						<update_network_name></update_network_name>
					</specs_>
					<stats_ class_id="16" tracking_level="0" version="0">
						<keep class_id="17" tracking_level="0" version="0">
							<PerDataSpace>
								<item>1</item>
								<item>0</item>
								<item>0</item>
							</PerDataSpace>
						</keep>
						<partition_size class_id="18" tracking_level="0" version="0">
							<PerDataSpace>
								<item>121</item>
								<item>0</item>
								<item>0</item>
							</PerDataSpace>
						</partition_size>
						<utilized_capacity>
							<PerDataSpace>
								<item>1</item>
								<item>0</item>
								<item>0</item>
							</PerDataSpace>
						</utilized_capacity>
						<utilized_instances class_id="19" tracking_level="0" version="0">
							<PerDataSpace>
								<item>2.88000000000000000e+02</item>
								<item>2.88000000000000000e+02</item>
								<item>2.88000000000000000e+02</item>
							</PerDataSpace>
						</utilized_instances>
						<utilized_clusters>
							<PerDataSpace>
								<item>288</item>
								<item>288</item>
								<item>288</item>
							</PerDataSpace>
						</utilized_clusters>
						<reads>
							<PerDataSpace>
								<item>174724</item>
								<item>0</item>
								<item>0</item>
							</PerDataSpace>
						</reads>
						<updates>
							<PerDataSpace>
								<item>0</item>
								<item>0</item>
								<item>0</item>
							</PerDataSpace>
						</updates>
						<fills>
							<PerDataSpace>
								<item>2299</item>
								<item>0</item>
								<item>0</item>
							</PerDataSpace>
						</fills>
						<gated_reads>
							<PerDataSpace>
								<item>0</item>
								<item>0</item>
								<item>0</item>
							</PerDataSpace>
						</gated_reads>
						<skipped_reads>
							<PerDataSpace>
								<item>0</item>
								<item>0</item>
								<item>0</item>
							</PerDataSpace>
						</skipped_reads>
						<random_reads>
							<PerDataSpace>
								<item>174724</item>
								<item>0</item>
								<item>0</item>
							</PerDataSpace>
						</random_reads>
						<gated_fills>
							<PerDataSpace>
								<item>0</item>
								<item>0</item>
								<item>0</item>
							</PerDataSpace>
						</gated_fills>
						<skipped_fills>
							<PerDataSpace>
								<item>0</item>
								<item>0</item>
								<item>0</item>
							</PerDataSpace>
						</skipped_fills>
						<random_fills>
							<PerDataSpace>
								<item>2299</item>
								<item>0</item>
								<item>0</item>
							</PerDataSpace>
						</random_fills>
						<gated_updates>
							<PerDataSpace>
								<item>0</item>
								<item>0</item>
								<item>0</item>
							</PerDataSpace>
						</gated_updates>
						<skipped_updates>
							<PerDataSpace>
								<item>0</item>
								<item>0</item>
								<item>0</item>
							</PerDataSpace>
						</skipped_updates>
						<random_updates>
							<PerDataSpace>
								<item>0</item>
								<item>0</item>
								<item>0</item>
							</PerDataSpace>
						</random_updates>
						<random_format_reads class_id="20" tracking_level="0" version="0">
							<PerDataSpace>
								<item class_id="21" tracking_level="0" version="0">
									<count>0</count>
									<item_version>0</item_version>
								</item>
								<item>
									<count>0</count>
									<item_version>0</item_version>
								</item>
								<item>
									<count>0</count>
									<item_version>0</item_version>
								</item>
							</PerDataSpace>
						</random_format_reads>
						<gated_format_reads>
							<PerDataSpace>
								<item>
									<count>0</count>
									<item_version>0</item_version>
								</item>
								<item>
									<count>0</count>
									<item_version>0</item_version>
								</item>
								<item>
									<count>0</count>
									<item_version>0</item_version>
								</item>
							</PerDataSpace>
						</gated_format_reads>
						<skipped_format_reads>
							<PerDataSpace>
								<item>
									<count>0</count>
									<item_version>0</item_version>
								</item>
								<item>
									<count>0</count>
									<item_version>0</item_version>
								</item>
								<item>
									<count>0</count>
									<item_version>0</item_version>
								</item>
							</PerDataSpace>
						</skipped_format_reads>
						<random_format_fills>
							<PerDataSpace>
								<item>
									<count>0</count>
									<item_version>0</item_version>
								</item>
								<item>
									<count>0</count>
									<item_version>0</item_version>
								</item>
								<item>
									<count>0</count>
									<item_version>0</item_version>
								</item>
							</PerDataSpace>
						</random_format_fills>
						<gated_format_fills>
							<PerDataSpace>
								<item>
									<count>0</count>
									<item_version>0</item_version>
								</item>
								<item>
									<count>0</count>
									<item_version>0</item_version>
								</item>
								<item>
									<count>0</count>
									<item_version>0</item_version>
								</item>
							</PerDataSpace>
						</gated_format_fills>
						<skipped_format_fills>
							<PerDataSpace>
								<item>
									<count>0</count>
									<item_version>0</item_version>
								</item>
								<item>
									<count>0</count>
									<item_version>0</item_version>
								</item>
								<item>
									<count>0</count>
									<item_version>0</item_version>
								</item>
							</PerDataSpace>
						</skipped_format_fills>
						<random_format_updates>
							<PerDataSpace>
								<item>
									<count>0</count>
									<item_version>0</item_version>
								</item>
								<item>
									<count>0</count>
									<item_version>0</item_version>
								</item>
								<item>
									<count>0</count>
									<item_version>0</item_version>
								</item>
							</PerDataSpace>
						</random_format_updates>
						<gated_format_updates>
							<PerDataSpace>
								<item>
									<count>0</count>
									<item_version>0</item_version>
								</item>
								<item>
									<count>0</count>
									<item_version>0</item_version>
								</item>
								<item>
									<count>0</count>
									<item_version>0</item_version>
								</item>
							</PerDataSpace>
						</gated_format_updates>
						<skipped_format_updates>
							<PerDataSpace>
								<item>
									<count>0</count>
									<item_version>0</item_version>
								</item>
								<item>
									<count>0</count>
									<item_version>0</item_version>
								</item>
								<item>
									<count>0</count>
									<item_version>0</item_version>
								</item>
							</PerDataSpace>
						</skipped_format_updates>
						<decompression_counts>
							<PerDataSpace>
								<item>0</item>
								<item>0</item>
								<item>0</item>
							</PerDataSpace>
						</decompression_counts>
						<compression_counts>
							<PerDataSpace>
								<item>0</item>
								<item>0</item>
								<item>0</item>
							</PerDataSpace>
						</compression_counts>
						<address_generations>
							<PerDataSpace>
								<item>177023</item>
								<item>0</item>
								<item>0</item>
							</PerDataSpace>
						</address_generations>
						<temporal_reductions>
							<PerDataSpace>
								<item>0</item>
								<item>0</item>
								<item>0</item>
							</PerDataSpace>
						</temporal_reductions>
						<shared_bandwidth>
							<PerDataSpace>
								<item>1.01315789473684204e+00</item>
								<item>0.00000000000000000e+00</item>
								<item>0.00000000000000000e+00</item>
							</PerDataSpace>
						</shared_bandwidth>
						<read_bandwidth>
							<PerDataSpace>
								<item>1.00000000000000000e+00</item>
								<item>0.00000000000000000e+00</item>
								<item>0.00000000000000000e+00</item>
							</PerDataSpace>
						</read_bandwidth>
						<write_bandwidth>
							<PerDataSpace>
								<item>1.31578947368421045e-02</item>
								<item>0.00000000000000000e+00</item>
								<item>0.00000000000000000e+00</item>
							</PerDataSpace>
						</write_bandwidth>
						<energy_per_algorithmic_access>
							<PerDataSpace>
								<item>1.68400951288815576e-01</item>
								<item>-nan</item>
								<item>-nan</item>
							</PerDataSpace>
						</energy_per_algorithmic_access>
						<energy_per_access>
							<PerDataSpace>
								<item>1.68400951288815576e-01</item>
								<item>-nan</item>
								<item>-nan</item>
							</PerDataSpace>
						</energy_per_access>
						<energy>
							<PerDataSpace>
								<item>2.98108415999999997e+04</item>
								<item>0.00000000000000000e+00</item>
								<item>0.00000000000000000e+00</item>
							</PerDataSpace>
						</energy>
						<temporal_reduction_energy>
							<PerDataSpace>
								<item>0.00000000000000000e+00</item>
								<item>0.00000000000000000e+00</item>
								<item>0.00000000000000000e+00</item>
							</PerDataSpace>
						</temporal_reduction_energy>
						<addr_gen_energy>
							<PerDataSpace>
								<item>0.00000000000000000e+00</item>
								<item>0.00000000000000000e+00</item>
								<item>0.00000000000000000e+00</item>
							</PerDataSpace>
						</addr_gen_energy>
						<cycles>174724</cycles>
						<slowdown>1.00000000000000000e+00</slowdown>
						<format_shared_bandwidth_ratio>
							<PerDataSpace>
								<item>0.00000000000000000e+00</item>
								<item>0.00000000000000000e+00</item>
								<item>0.00000000000000000e+00</item>
							</PerDataSpace>
						</format_shared_bandwidth_ratio>
						<format_read_bandwidth_ratio>
							<PerDataSpace>
								<item>0.00000000000000000e+00</item>
								<item>0.00000000000000000e+00</item>
								<item>0.00000000000000000e+00</item>
							</PerDataSpace>
						</format_read_bandwidth_ratio>
						<format_write_bandwidth_ratio>
							<PerDataSpace>
								<item>0.00000000000000000e+00</item>
								<item>0.00000000000000000e+00</item>
								<item>0.00000000000000000e+00</item>
							</PerDataSpace>
						</format_write_bandwidth_ratio>
					</stats_>
				</px>
			</item>
			<item>
				<px class_id_reference="9" object_id="_2">
					<Level></Level>
					<subnest_>
						<count>2</count>
						<item_version>0</item_version>
						<item>
							<dimension>0</dimension>
							<start>0</start>
							<end>3</end>
							<stride>1</stride>
							<spacetime_dimension>2</spacetime_dimension>
						</item>
						<item>
							<dimension>6</dimension>
							<start>0</start>
							<end>1</end>
							<stride>1</stride>
							<spacetime_dimension>0</spacetime_dimension>
						</item>
					</subnest_>
					<specs_>
						<LevelSpecs>
							<level_name>PEAccuBuffer</level_name>
						</LevelSpecs>
						<name>
							<t_>PEAccuBuffer</t_>
						</name>
						<technology>
							<t_>0</t_>
						</technology>
						<size>
							<t_>128</t_>
						</size>
						<word_bits>
							<t_>32</t_>
						</word_bits>
						<addr_gen_bits>
							<t_>6</t_>
						</addr_gen_bits>
						<block_size>
							<t_>2</t_>
						</block_size>
						<cluster_size>
							<t_>1</t_>
						</cluster_size>
						<instances>
							<t_>128</t_>
						</instances>
						<meshX>
							<t_>16</t_>
						</meshX>
						<meshY>
							<t_>8</t_>
						</meshY>
						<shared_bandwidth></shared_bandwidth>
						<read_bandwidth></read_bandwidth>
						<write_bandwidth></write_bandwidth>
						<multiple_buffering>
							<t_>1.00000000000000000e+00</t_>
						</multiple_buffering>
						<min_utilization>
							<t_>0.00000000000000000e+00</t_>
						</min_utilization>
						<num_ports>
							<t_>2</t_>
						</num_ports>
						<num_banks>
							<t_>2</t_>
						</num_banks>
						<read_network_name></read_network_name>
						<fill_network_name></fill_network_name>
						<drain_network_name></drain_network_name>
						<update_network_name></update_network_name>
					</specs_>
					<stats_>
						<keep>
							<PerDataSpace>
								<item>0</item>
								<item>0</item>
								<item>1</item>
							</PerDataSpace>
						</keep>
						<partition_size>
							<PerDataSpace>
								<item>0</item>
								<item>0</item>
								<item>1444</item>
							</PerDataSpace>
						</partition_size>
						<utilized_capacity>
							<PerDataSpace>
								<item>0</item>
								<item>0</item>
								<item>76</item>
							</PerDataSpace>
						</utilized_capacity>
						<utilized_instances>
							<PerDataSpace>
								<item>9.60000000000000000e+01</item>
								<item>9.60000000000000000e+01</item>
								<item>9.60000000000000000e+01</item>
							</PerDataSpace>
						</utilized_instances>
						<utilized_clusters>
							<PerDataSpace>
								<item>96</item>
								<item>96</item>
								<item>96</item>
							</PerDataSpace>
						</utilized_clusters>
						<reads>
							<PerDataSpace>
								<item>0</item>
								<item>0</item>
								<item>173280</item>
							</PerDataSpace>
						</reads>
						<updates>
							<PerDataSpace>
								<item>0</item>
								<item>0</item>
								<item>174724</item>
							</PerDataSpace>
						</updates>
						<fills>
							<PerDataSpace>
								<item>0</item>
								<item>0</item>
								<item>1444</item>
							</PerDataSpace>
						</fills>
						<gated_reads>
							<PerDataSpace>
								<item>0</item>
								<item>0</item>
								<item>0</item>
							</PerDataSpace>
						</gated_reads>
						<skipped_reads>
							<PerDataSpace>
								<item>0</item>
								<item>0</item>
								<item>0</item>
							</PerDataSpace>
						</skipped_reads>
						<random_reads>
							<PerDataSpace>
								<item>0</item>
								<item>0</item>
								<item>173280</item>
							</PerDataSpace>
						</random_reads>
						<gated_fills>
							<PerDataSpace>
								<item>0</item>
								<item>0</item>
								<item>0</item>
							</PerDataSpace>
						</gated_fills>
						<skipped_fills>
							<PerDataSpace>
								<item>0</item>
								<item>0</item>
								<item>0</item>
							</PerDataSpace>
						</skipped_fills>
						<random_fills>
							<PerDataSpace>
								<item>0</item>
								<item>0</item>
								<item>1444</item>
							</PerDataSpace>
						</random_fills>
						<gated_updates>
							<PerDataSpace>
								<item>0</item>
								<item>0</item>
								<item>0</item>
							</PerDataSpace>
						</gated_updates>
						<skipped_updates>
							<PerDataSpace>
								<item>0</item>
								<item>0</item>
								<item>0</item>
							</PerDataSpace>
						</skipped_updates>
						<random_updates>
							<PerDataSpace>
								<item>0</item>
								<item>0</item>
								<item>174724</item>
							</PerDataSpace>
						</random_updates>
						<random_format_reads>
							<PerDataSpace>
								<item>
									<count>0</count>
									<item_version>0</item_version>
								</item>
								<item>
									<count>0</count>
									<item_version>0</item_version>
								</item>
								<item>
									<count>0</count>
									<item_version>0</item_version>
								</item>
							</PerDataSpace>
						</random_format_reads>
						<gated_format_reads>
							<PerDataSpace>
								<item>
									<count>0</count>
									<item_version>0</item_version>
								</item>
								<item>
									<count>0</count>
									<item_version>0</item_version>
								</item>
								<item>
									<count>0</count>
									<item_version>0</item_version>
								</item>
							</PerDataSpace>
						</gated_format_reads>
						<skipped_format_reads>
							<PerDataSpace>
								<item>
									<count>0</count>
									<item_version>0</item_version>
								</item>
								<item>
									<count>0</count>
									<item_version>0</item_version>
								</item>
								<item>
									<count>0</count>
									<item_version>0</item_version>
								</item>
							</PerDataSpace>
						</skipped_format_reads>
						<random_format_fills>
							<PerDataSpace>
								<item>
									<count>0</count>
									<item_version>0</item_version>
								</item>
								<item>
									<count>0</count>
									<item_version>0</item_version>
								</item>
								<item>
									<count>0</count>
									<item_version>0</item_version>
								</item>
							</PerDataSpace>
						</random_format_fills>
						<gated_format_fills>
							<PerDataSpace>
								<item>
									<count>0</count>
									<item_version>0</item_version>
								</item>
								<item>
									<count>0</count>
									<item_version>0</item_version>
								</item>
								<item>
									<count>0</count>
									<item_version>0</item_version>
								</item>
							</PerDataSpace>
						</gated_format_fills>
						<skipped_format_fills>
							<PerDataSpace>
								<item>
									<count>0</count>
									<item_version>0</item_version>
								</item>
								<item>
									<count>0</count>
									<item_version>0</item_version>
								</item>
								<item>
									<count>0</count>
									<item_version>0</item_version>
								</item>
							</PerDataSpace>
						</skipped_format_fills>
						<random_format_updates>
							<PerDataSpace>
								<item>
									<count>0</count>
									<item_version>0</item_version>
								</item>
								<item>
									<count>0</count>
									<item_version>0</item_version>
								</item>
								<item>
									<count>0</count>
									<item_version>0</item_version>
								</item>
							</PerDataSpace>
						</random_format_updates>
						<gated_format_updates>
							<PerDataSpace>
								<item>
									<count>0</count>
									<item_version>0</item_version>
								</item>
								<item>
									<count>0</count>
									<item_version>0</item_version>
								</item>
								<item>
									<count>0</count>
									<item_version>0</item_version>
								</item>
							</PerDataSpace>
						</gated_format_updates>
						<skipped_format_updates>
							<PerDataSpace>
								<item>
									<count>0</count>
									<item_version>0</item_version>
								</item>
								<item>
									<count>0</count>
									<item_version>0</item_version>
								</item>
								<item>
									<count>0</count>
									<item_version>0</item_version>
								</item>
							</PerDataSpace>
						</skipped_format_updates>
						<decompression_counts>
							<PerDataSpace>
								<item>0</item>
								<item>0</item>
								<item>0</item>
							</PerDataSpace>
						</decompression_counts>
						<compression_counts>
							<PerDataSpace>
								<item>0</item>
								<item>0</item>
								<item>0</item>
							</PerDataSpace>
						</compression_counts>
						<address_generations>
							<PerDataSpace>
								<item>0</item>
								<item>0</item>
								<item>176168</item>
							</PerDataSpace>
						</address_generations>
						<temporal_reductions>
							<PerDataSpace>
								<item>0</item>
								<item>0</item>
								<item>173280</item>
							</PerDataSpace>
						</temporal_reductions>
						<shared_bandwidth>
							<PerDataSpace>
								<item>0.00000000000000000e+00</item>
								<item>0.00000000000000000e+00</item>
								<item>2.00000000000000000e+00</item>
							</PerDataSpace>
						</shared_bandwidth>
						<read_bandwidth>
							<PerDataSpace>
								<item>0.00000000000000000e+00</item>
								<item>0.00000000000000000e+00</item>
								<item>9.91735537190082672e-01</item>
							</PerDataSpace>
						</read_bandwidth>
						<write_bandwidth>
							<PerDataSpace>
								<item>0.00000000000000000e+00</item>
								<item>0.00000000000000000e+00</item>
								<item>1.00826446280991733e+00</item>
							</PerDataSpace>
						</write_bandwidth>
						<energy_per_algorithmic_access>
							<PerDataSpace>
								<item>-nan</item>
								<item>-nan</item>
								<item>1.15269830578512411e+00</item>
							</PerDataSpace>
						</energy_per_algorithmic_access>
						<energy_per_access>
							<PerDataSpace>
								<item>-nan</item>
								<item>-nan</item>
								<item>1.15269830578512411e+00</item>
							</PerDataSpace>
						</energy_per_access>
						<energy>
							<PerDataSpace>
								<item>0.00000000000000000e+00</item>
								<item>0.00000000000000000e+00</item>
								<item>4.02808117560000042e+05</item>
							</PerDataSpace>
						</energy>
						<temporal_reduction_energy>
							<PerDataSpace>
								<item>0.00000000000000000e+00</item>
								<item>0.00000000000000000e+00</item>
								<item>0.00000000000000000e+00</item>
							</PerDataSpace>
						</temporal_reduction_energy>
						<addr_gen_energy>
							<PerDataSpace>
								<item>0.00000000000000000e+00</item>
								<item>0.00000000000000000e+00</item>
								<item>0.00000000000000000e+00</item>
							</PerDataSpace>
						</addr_gen_energy>
						<cycles>174724</cycles>
						<slowdown>1.00000000000000000e+00</slowdown>
						<format_shared_bandwidth_ratio>
							<PerDataSpace>
								<item>0.00000000000000000e+00</item>
								<item>0.00000000000000000e+00</item>
								<item>0.00000000000000000e+00</item>
							</PerDataSpace>
						</format_shared_bandwidth_ratio>
						<format_read_bandwidth_ratio>
							<PerDataSpace>
								<item>0.00000000000000000e+00</item>
								<item>0.00000000000000000e+00</item>
								<item>0.00000000000000000e+00</item>
							</PerDataSpace>
						</format_read_bandwidth_ratio>
						<format_write_bandwidth_ratio>
							<PerDataSpace>
								<item>0.00000000000000000e+00</item>
								<item>0.00000000000000000e+00</item>
								<item>0.00000000000000000e+00</item>
							</PerDataSpace>
						</format_write_bandwidth_ratio>
					</stats_>
				</px>
			</item>
			<item>
				<px class_id_reference="9" object_id="_3">
					<Level></Level>
					<subnest_>
						<count>2</count>
						<item_version>0</item_version>
						<item>
							<dimension>3</dimension>
							<start>0</start>
							<end>11</end>
							<stride>1</stride>
							<spacetime_dimension>0</spacetime_dimension>
						</item>
						<item>
							<dimension>2</dimension>
							<start>0</start>
							<end>11</end>
							<stride>1</stride>
							<spacetime_dimension>0</spacetime_dimension>
						</item>
					</subnest_>
					<specs_>
						<LevelSpecs>
							<level_name>PEWeightBuffer</level_name>
						</LevelSpecs>
						<name>
							<t_>PEWeightBuffer</t_>
						</name>
						<technology>
							<t_>0</t_>
						</technology>
						<size>
							<t_>4096</t_>
						</size>
						<word_bits>
							<t_>16</t_>
						</word_bits>
						<addr_gen_bits>
							<t_>9</t_>
						</addr_gen_bits>
						<block_size>
							<t_>8</t_>
						</block_size>
						<cluster_size>
							<t_>1</t_>
						</cluster_size>
						<instances>
							<t_>128</t_>
						</instances>
						<meshX>
							<t_>16</t_>
						</meshX>
						<meshY>
							<t_>8</t_>
						</meshY>
						<shared_bandwidth></shared_bandwidth>
						<read_bandwidth></read_bandwidth>
						<write_bandwidth></write_bandwidth>
						<multiple_buffering>
							<t_>1.00000000000000000e+00</t_>
						</multiple_buffering>
						<min_utilization>
							<t_>0.00000000000000000e+00</t_>
						</min_utilization>
						<num_ports>
							<t_>2</t_>
						</num_ports>
						<num_banks>
							<t_>1</t_>
						</num_banks>
						<read_network_name></read_network_name>
						<fill_network_name></fill_network_name>
						<drain_network_name></drain_network_name>
						<update_network_name></update_network_name>
					</specs_>
					<stats_>
						<keep>
							<PerDataSpace>
								<item>1</item>
								<item>0</item>
								<item>0</item>
							</PerDataSpace>
						</keep>
						<partition_size>
							<PerDataSpace>
								<item>363</item>
								<item>0</item>
								<item>0</item>
							</PerDataSpace>
						</partition_size>
						<utilized_capacity>
							<PerDataSpace>
								<item>363</item>
								<item>0</item>
								<item>0</item>
							</PerDataSpace>
						</utilized_capacity>
						<utilized_instances>
							<PerDataSpace>
								<item>9.60000000000000000e+01</item>
								<item>9.60000000000000000e+01</item>
								<item>9.60000000000000000e+01</item>
							</PerDataSpace>
						</utilized_instances>
						<utilized_clusters>
							<PerDataSpace>
								<item>96</item>
								<item>96</item>
								<item>96</item>
							</PerDataSpace>
						</utilized_clusters>
						<reads>
							<PerDataSpace>
								<item>6897</item>
								<item>0</item>
								<item>0</item>
							</PerDataSpace>
						</reads>
						<updates>
							<PerDataSpace>
								<item>0</item>
								<item>0</item>
								<item>0</item>
							</PerDataSpace>
						</updates>
						<fills>
							<PerDataSpace>
								<item>363</item>
								<item>0</item>
								<item>0</item>
							</PerDataSpace>
						</fills>
						<gated_reads>
							<PerDataSpace>
								<item>0</item>
								<item>0</item>
								<item>0</item>
							</PerDataSpace>
						</gated_reads>
						<skipped_reads>
							<PerDataSpace>
								<item>0</item>
								<item>0</item>
								<item>0</item>
							</PerDataSpace>
						</skipped_reads>
						<random_reads>
							<PerDataSpace>
								<item>6897</item>
								<item>0</item>
								<item>0</item>
							</PerDataSpace>
						</random_reads>
						<gated_fills>
							<PerDataSpace>
								<item>0</item>
								<item>0</item>
								<item>0</item>
							</PerDataSpace>
						</gated_fills>
						<skipped_fills>
							<PerDataSpace>
								<item>0</item>
								<item>0</item>
								<item>0</item>
							</PerDataSpace>
						</skipped_fills>
						<random_fills>
							<PerDataSpace>
								<item>363</item>
								<item>0</item>
								<item>0</item>
							</PerDataSpace>
						</random_fills>
						<gated_updates>
							<PerDataSpace>
								<item>0</item>
								<item>0</item>
								<item>0</item>
							</PerDataSpace>
						</gated_updates>
						<skipped_updates>
							<PerDataSpace>
								<item>0</item>
								<item>0</item>
								<item>0</item>
							</PerDataSpace>
						</skipped_updates>
						<random_updates>
							<PerDataSpace>
								<item>0</item>
								<item>0</item>
								<item>0</item>
							</PerDataSpace>
						</random_updates>
						<random_format_reads>
							<PerDataSpace>
								<item>
									<count>0</count>
									<item_version>0</item_version>
								</item>
								<item>
									<count>0</count>
									<item_version>0</item_version>
								</item>
								<item>
									<count>0</count>
									<item_version>0</item_version>
								</item>
							</PerDataSpace>
						</random_format_reads>
						<gated_format_reads>
							<PerDataSpace>
								<item>
									<count>0</count>
									<item_version>0</item_version>
								</item>
								<item>
									<count>0</count>
									<item_version>0</item_version>
								</item>
								<item>
									<count>0</count>
									<item_version>0</item_version>
								</item>
							</PerDataSpace>
						</gated_format_reads>
						<skipped_format_reads>
							<PerDataSpace>
								<item>
									<count>0</count>
									<item_version>0</item_version>
								</item>
								<item>
									<count>0</count>
									<item_version>0</item_version>
								</item>
								<item>
									<count>0</count>
									<item_version>0</item_version>
								</item>
							</PerDataSpace>
						</skipped_format_reads>
						<random_format_fills>
							<PerDataSpace>
								<item>
									<count>0</count>
									<item_version>0</item_version>
								</item>
								<item>
									<count>0</count>
									<item_version>0</item_version>
								</item>
								<item>
									<count>0</count>
									<item_version>0</item_version>
								</item>
							</PerDataSpace>
						</random_format_fills>
						<gated_format_fills>
							<PerDataSpace>
								<item>
									<count>0</count>
									<item_version>0</item_version>
								</item>
								<item>
									<count>0</count>
									<item_version>0</item_version>
								</item>
								<item>
									<count>0</count>
									<item_version>0</item_version>
								</item>
							</PerDataSpace>
						</gated_format_fills>
						<skipped_format_fills>
							<PerDataSpace>
								<item>
									<count>0</count>
									<item_version>0</item_version>
								</item>
								<item>
									<count>0</count>
									<item_version>0</item_version>
								</item>
								<item>
									<count>0</count>
									<item_version>0</item_version>
								</item>
							</PerDataSpace>
						</skipped_format_fills>
						<random_format_updates>
							<PerDataSpace>
								<item>
									<count>0</count>
									<item_version>0</item_version>
								</item>
								<item>
									<count>0</count>
									<item_version>0</item_version>
								</item>
								<item>
									<count>0</count>
									<item_version>0</item_version>
								</item>
							</PerDataSpace>
						</random_format_updates>
						<gated_format_updates>
							<PerDataSpace>
								<item>
									<count>0</count>
									<item_version>0</item_version>
								</item>
								<item>
									<count>0</count>
									<item_version>0</item_version>
								</item>
								<item>
									<count>0</count>
									<item_version>0</item_version>
								</item>
							</PerDataSpace>
						</gated_format_updates>
						<skipped_format_updates>
							<PerDataSpace>
								<item>
									<count>0</count>
									<item_version>0</item_version>
								</item>
								<item>
									<count>0</count>
									<item_version>0</item_version>
								</item>
								<item>
									<count>0</count>
									<item_version>0</item_version>
								</item>
							</PerDataSpace>
						</skipped_format_updates>
						<decompression_counts>
							<PerDataSpace>
								<item>0</item>
								<item>0</item>
								<item>0</item>
							</PerDataSpace>
						</decompression_counts>
						<compression_counts>
							<PerDataSpace>
								<item>0</item>
								<item>0</item>
								<item>0</item>
							</PerDataSpace>
						</compression_counts>
						<address_generations>
							<PerDataSpace>
								<item>7260</item>
								<item>0</item>
								<item>0</item>
							</PerDataSpace>
						</address_generations>
						<temporal_reductions>
							<PerDataSpace>
								<item>0</item>
								<item>0</item>
								<item>0</item>
							</PerDataSpace>
						</temporal_reductions>
						<shared_bandwidth>
							<PerDataSpace>
								<item>4.15512465373961207e-02</item>
								<item>0.00000000000000000e+00</item>
								<item>0.00000000000000000e+00</item>
							</PerDataSpace>
						</shared_bandwidth>
						<read_bandwidth>
							<PerDataSpace>
								<item>3.94736842105263136e-02</item>
								<item>0.00000000000000000e+00</item>
								<item>0.00000000000000000e+00</item>
							</PerDataSpace>
						</read_bandwidth>
						<write_bandwidth>
							<PerDataSpace>
								<item>2.07756232686980621e-03</item>
								<item>0.00000000000000000e+00</item>
								<item>0.00000000000000000e+00</item>
							</PerDataSpace>
						</write_bandwidth>
						<energy_per_algorithmic_access>
							<PerDataSpace>
								<item>1.32768129476584007e+00</item>
								<item>-nan</item>
								<item>-nan</item>
							</PerDataSpace>
						</energy_per_algorithmic_access>
						<energy_per_access>
							<PerDataSpace>
								<item>1.32768129476584007e+00</item>
								<item>-nan</item>
								<item>-nan</item>
							</PerDataSpace>
						</energy_per_access>
						<energy>
							<PerDataSpace>
								<item>9.63896619999999893e+03</item>
								<item>0.00000000000000000e+00</item>
								<item>0.00000000000000000e+00</item>
							</PerDataSpace>
						</energy>
						<temporal_reduction_energy>
							<PerDataSpace>
								<item>0.00000000000000000e+00</item>
								<item>0.00000000000000000e+00</item>
								<item>0.00000000000000000e+00</item>
							</PerDataSpace>
						</temporal_reduction_energy>
						<addr_gen_energy>
							<PerDataSpace>
								<item>0.00000000000000000e+00</item>
								<item>0.00000000000000000e+00</item>
								<item>0.00000000000000000e+00</item>
							</PerDataSpace>
						</addr_gen_energy>
						<cycles>174724</cycles>
						<slowdown>1.00000000000000000e+00</slowdown>
						<format_shared_bandwidth_ratio>
							<PerDataSpace>
								<item>0.00000000000000000e+00</item>
								<item>0.00000000000000000e+00</item>
								<item>0.00000000000000000e+00</item>
							</PerDataSpace>
						</format_shared_bandwidth_ratio>
						<format_read_bandwidth_ratio>
							<PerDataSpace>
								<item>0.00000000000000000e+00</item>
								<item>0.00000000000000000e+00</item>
								<item>0.00000000000000000e+00</item>
							</PerDataSpace>
						</format_read_bandwidth_ratio>
						<format_write_bandwidth_ratio>
							<PerDataSpace>
								<item>0.00000000000000000e+00</item>
								<item>0.00000000000000000e+00</item>
								<item>0.00000000000000000e+00</item>
							</PerDataSpace>
						</format_write_bandwidth_ratio>
					</stats_>
				</px>
			</item>
			<item>
				<px class_id_reference="9" object_id="_4">
					<Level></Level>
					<subnest_>
						<count>2</count>
						<item_version>0</item_version>
						<item>
							<dimension>1</dimension>
							<start>0</start>
							<end>8</end>
							<stride>1</stride>
							<spacetime_dimension>2</spacetime_dimension>
						</item>
						<item>
							<dimension>6</dimension>
							<start>0</start>
							<end>1</end>
							<stride>1</stride>
							<spacetime_dimension>0</spacetime_dimension>
						</item>
					</subnest_>
					<specs_>
						<LevelSpecs>
							<level_name>PEInputBuffer</level_name>
						</LevelSpecs>
						<name>
							<t_>PEInputBuffer</t_>
						</name>
						<technology>
							<t_>0</t_>
						</technology>
						<size>
							<t_>8192</t_>
						</size>
						<word_bits>
							<t_>16</t_>
						</word_bits>
						<addr_gen_bits>
							<t_>10</t_>
						</addr_gen_bits>
						<block_size>
							<t_>8</t_>
						</block_size>
						<cluster_size>
							<t_>1</t_>
						</cluster_size>
						<instances>
							<t_>16</t_>
						</instances>
						<meshX>
							<t_>16</t_>
						</meshX>
						<meshY>
							<t_>1</t_>
						</meshY>
						<shared_bandwidth></shared_bandwidth>
						<read_bandwidth></read_bandwidth>
						<write_bandwidth></write_bandwidth>
						<multiple_buffering>
							<t_>1.00000000000000000e+00</t_>
						</multiple_buffering>
						<min_utilization>
							<t_>0.00000000000000000e+00</t_>
						</min_utilization>
						<num_ports>
							<t_>2</t_>
						</num_ports>
						<num_banks>
							<t_>2</t_>
						</num_banks>
						<read_network_name></read_network_name>
						<fill_network_name></fill_network_name>
						<drain_network_name></drain_network_name>
						<update_network_name></update_network_name>
					</specs_>
					<stats_>
						<keep>
							<PerDataSpace>
								<item>0</item>
								<item>1</item>
								<item>0</item>
							</PerDataSpace>
						</keep>
						<partition_size>
							<PerDataSpace>
								<item>0</item>
								<item>75843</item>
								<item>0</item>
							</PerDataSpace>
						</partition_size>
						<utilized_capacity>
							<PerDataSpace>
								<item>0</item>
								<item>7155</item>
								<item>0</item>
							</PerDataSpace>
						</utilized_capacity>
						<utilized_instances>
							<PerDataSpace>
								<item>1.20000000000000000e+01</item>
								<item>1.20000000000000000e+01</item>
								<item>1.20000000000000000e+01</item>
							</PerDataSpace>
						</utilized_instances>
						<utilized_clusters>
							<PerDataSpace>
								<item>12</item>
								<item>12</item>
								<item>12</item>
							</PerDataSpace>
						</utilized_clusters>
						<reads>
							<PerDataSpace>
								<item>0</item>
								<item>524172</item>
								<item>0</item>
							</PerDataSpace>
						</reads>
						<updates>
							<PerDataSpace>
								<item>0</item>
								<item>0</item>
								<item>0</item>
							</PerDataSpace>
						</updates>
						<fills>
							<PerDataSpace>
								<item>0</item>
								<item>75843</item>
								<item>0</item>
							</PerDataSpace>
						</fills>
						<gated_reads>
							<PerDataSpace>
								<item>0</item>
								<item>0</item>
								<item>0</item>
							</PerDataSpace>
						</gated_reads>
						<skipped_reads>
							<PerDataSpace>
								<item>0</item>
								<item>0</item>
								<item>0</item>
							</PerDataSpace>
						</skipped_reads>
						<random_reads>
							<PerDataSpace>
								<item>0</item>
								<item>524172</item>
								<item>0</item>
							</PerDataSpace>
						</random_reads>
						<gated_fills>
							<PerDataSpace>
								<item>0</item>
								<item>0</item>
								<item>0</item>
							</PerDataSpace>
						</gated_fills>
						<skipped_fills>
							<PerDataSpace>
								<item>0</item>
								<item>0</item>
								<item>0</item>
							</PerDataSpace>
						</skipped_fills>
						<random_fills>
							<PerDataSpace>
								<item>0</item>
								<item>75843</item>
								<item>0</item>
							</PerDataSpace>
						</random_fills>
						<gated_updates>
							<PerDataSpace>
								<item>0</item>
								<item>0</item>
								<item>0</item>
							</PerDataSpace>
						</gated_updates>
						<skipped_updates>
							<PerDataSpace>
								<item>0</item>
								<item>0</item>
								<item>0</item>
							</PerDataSpace>
						</skipped_updates>
						<random_updates>
							<PerDataSpace>
								<item>0</item>
								<item>0</item>
								<item>0</item>
							</PerDataSpace>
						</random_updates>
						<random_format_reads>
							<PerDataSpace>
								<item>
									<count>0</count>
									<item_version>0</item_version>
								</item>
								<item>
									<count>0</count>
									<item_version>0</item_version>
								</item>
								<item>
									<count>0</count>
									<item_version>0</item_version>
								</item>
							</PerDataSpace>
						</random_format_reads>
						<gated_format_reads>
							<PerDataSpace>
								<item>
									<count>0</count>
									<item_version>0</item_version>
								</item>
								<item>
									<count>0</count>
									<item_version>0</item_version>
								</item>
								<item>
									<count>0</count>
									<item_version>0</item_version>
								</item>
							</PerDataSpace>
						</gated_format_reads>
						<skipped_format_reads>
							<PerDataSpace>
								<item>
									<count>0</count>
									<item_version>0</item_version>
								</item>
								<item>
									<count>0</count>
									<item_version>0</item_version>
								</item>
								<item>
									<count>0</count>
									<item_version>0</item_version>
								</item>
							</PerDataSpace>
						</skipped_format_reads>
						<random_format_fills>
							<PerDataSpace>
								<item>
									<count>0</count>
									<item_version>0</item_version>
								</item>
								<item>
									<count>0</count>
									<item_version>0</item_version>
								</item>
								<item>
									<count>0</count>
									<item_version>0</item_version>
								</item>
							</PerDataSpace>
						</random_format_fills>
						<gated_format_fills>
							<PerDataSpace>
								<item>
									<count>0</count>
									<item_version>0</item_version>
								</item>
								<item>
									<count>0</count>
									<item_version>0</item_version>
								</item>
								<item>
									<count>0</count>
									<item_version>0</item_version>
								</item>
							</PerDataSpace>
						</gated_format_fills>
						<skipped_format_fills>
							<PerDataSpace>
								<item>
									<count>0</count>
									<item_version>0</item_version>
								</item>
								<item>
									<count>0</count>
									<item_version>0</item_version>
								</item>
								<item>
									<count>0</count>
									<item_version>0</item_version>
								</item>
							</PerDataSpace>
						</skipped_format_fills>
						<random_format_updates>
							<PerDataSpace>
								<item>
									<count>0</count>
									<item_version>0</item_version>
								</item>
								<item>
									<count>0</count>
									<item_version>0</item_version>
								</item>
								<item>
									<count>0</count>
									<item_version>0</item_version>
								</item>
							</PerDataSpace>
						</random_format_updates>
						<gated_format_updates>
							<PerDataSpace>
								<item>
									<count>0</count>
									<item_version>0</item_version>
								</item>
								<item>
									<count>0</count>
									<item_version>0</item_version>
								</item>
								<item>
									<count>0</count>
									<item_version>0</item_version>
								</item>
							</PerDataSpace>
						</gated_format_updates>
						<skipped_format_updates>
							<PerDataSpace>
								<item>
									<count>0</count>
									<item_version>0</item_version>
								</item>
								<item>
									<count>0</count>
									<item_version>0</item_version>
								</item>
								<item>
									<count>0</count>
									<item_version>0</item_version>
								</item>
							</PerDataSpace>
						</skipped_format_updates>
						<decompression_counts>
							<PerDataSpace>
								<item>0</item>
								<item>0</item>
								<item>0</item>
							</PerDataSpace>
						</decompression_counts>
						<compression_counts>
							<PerDataSpace>
								<item>0</item>
								<item>0</item>
								<item>0</item>
							</PerDataSpace>
						</compression_counts>
						<address_generations>
							<PerDataSpace>
								<item>0</item>
								<item>600015</item>
								<item>0</item>
							</PerDataSpace>
						</address_generations>
						<temporal_reductions>
							<PerDataSpace>
								<item>0</item>
								<item>0</item>
								<item>0</item>
							</PerDataSpace>
						</temporal_reductions>
						<shared_bandwidth>
							<PerDataSpace>
								<item>0.00000000000000000e+00</item>
								<item>3.43407316682310393e+00</item>
								<item>0.00000000000000000e+00</item>
							</PerDataSpace>
						</shared_bandwidth>
						<read_bandwidth>
							<PerDataSpace>
								<item>0.00000000000000000e+00</item>
								<item>3.00000000000000000e+00</item>
								<item>0.00000000000000000e+00</item>
							</PerDataSpace>
						</read_bandwidth>
						<write_bandwidth>
							<PerDataSpace>
								<item>0.00000000000000000e+00</item>
								<item>4.34073166823103873e-01</item>
								<item>0.00000000000000000e+00</item>
							</PerDataSpace>
						</write_bandwidth>
						<energy_per_algorithmic_access>
							<PerDataSpace>
								<item>-nan</item>
								<item>2.49175614176312266e+00</item>
								<item>-nan</item>
							</PerDataSpace>
						</energy_per_algorithmic_access>
						<energy_per_access>
							<PerDataSpace>
								<item>-nan</item>
								<item>2.49175614176312266e+00</item>
								<item>-nan</item>
							</PerDataSpace>
						</energy_per_access>
						<energy>
							<PerDataSpace>
								<item>0.00000000000000000e+00</item>
								<item>1.49509106140000001e+06</item>
								<item>0.00000000000000000e+00</item>
							</PerDataSpace>
						</energy>
						<temporal_reduction_energy>
							<PerDataSpace>
								<item>0.00000000000000000e+00</item>
								<item>0.00000000000000000e+00</item>
								<item>0.00000000000000000e+00</item>
							</PerDataSpace>
						</temporal_reduction_energy>
						<addr_gen_energy>
							<PerDataSpace>
								<item>0.00000000000000000e+00</item>
								<item>0.00000000000000000e+00</item>
								<item>0.00000000000000000e+00</item>
							</PerDataSpace>
						</addr_gen_energy>
						<cycles>174724</cycles>
						<slowdown>1.00000000000000000e+00</slowdown>
						<format_shared_bandwidth_ratio>
							<PerDataSpace>
								<item>0.00000000000000000e+00</item>
								<item>0.00000000000000000e+00</item>
								<item>0.00000000000000000e+00</item>
							</PerDataSpace>
						</format_shared_bandwidth_ratio>
						<format_read_bandwidth_ratio>
							<PerDataSpace>
								<item>0.00000000000000000e+00</item>
								<item>0.00000000000000000e+00</item>
								<item>0.00000000000000000e+00</item>
							</PerDataSpace>
						</format_read_bandwidth_ratio>
						<format_write_bandwidth_ratio>
							<PerDataSpace>
								<item>0.00000000000000000e+00</item>
								<item>0.00000000000000000e+00</item>
								<item>0.00000000000000000e+00</item>
							</PerDataSpace>
						</format_write_bandwidth_ratio>
					</stats_>
				</px>
			</item>
			<item>
				<px class_id_reference="9" object_id="_5">
					<Level></Level>
					<subnest_>
						<count>2</count>
						<item_version>0</item_version>
						<item>
							<dimension>1</dimension>
							<start>0</start>
							<end>12</end>
							<stride>1</stride>
							<spacetime_dimension>1</spacetime_dimension>
						</item>
						<item>
							<dimension>6</dimension>
							<start>0</start>
							<end>1</end>
							<stride>1</stride>
							<spacetime_dimension>0</spacetime_dimension>
						</item>
					</subnest_>
					<specs_>
						<LevelSpecs>
							<level_name>GlobalBuffer</level_name>
						</LevelSpecs>
						<name>
							<t_>GlobalBuffer</t_>
						</name>
						<technology>
							<t_>0</t_>
						</technology>
						<size>
							<t_>65536</t_>
						</size>
						<word_bits>
							<t_>16</t_>
						</word_bits>
						<addr_gen_bits>
							<t_>11</t_>
						</addr_gen_bits>
						<block_size>
							<t_>32</t_>
						</block_size>
						<cluster_size>
							<t_>1</t_>
						</cluster_size>
						<instances>
							<t_>1</t_>
						</instances>
						<meshX>
							<t_>1</t_>
						</meshX>
						<meshY>
							<t_>1</t_>
						</meshY>
						<shared_bandwidth></shared_bandwidth>
						<read_bandwidth></read_bandwidth>
						<write_bandwidth></write_bandwidth>
						<multiple_buffering>
							<t_>1.00000000000000000e+00</t_>
						</multiple_buffering>
						<min_utilization>
							<t_>0.00000000000000000e+00</t_>
						</min_utilization>
						<num_ports>
							<t_>2</t_>
						</num_ports>
						<num_banks>
							<t_>2</t_>
						</num_banks>
						<read_network_name></read_network_name>
						<fill_network_name></fill_network_name>
						<drain_network_name></drain_network_name>
						<update_network_name></update_network_name>
					</specs_>
					<stats_>
						<keep>
							<PerDataSpace>
								<item>0</item>
								<item>1</item>
								<item>1</item>
							</PerDataSpace>
						</keep>
						<partition_size>
							<PerDataSpace>
								<item>0</item>
								<item>75843</item>
								<item>138624</item>
							</PerDataSpace>
						</partition_size>
						<utilized_capacity>
							<PerDataSpace>
								<item>0</item>
								<item>7155</item>
								<item>7296</item>
							</PerDataSpace>
						</utilized_capacity>
						<utilized_instances>
							<PerDataSpace>
								<item>1.00000000000000000e+00</item>
								<item>1.00000000000000000e+00</item>
								<item>1.00000000000000000e+00</item>
							</PerDataSpace>
						</utilized_instances>
						<utilized_clusters>
							<PerDataSpace>
								<item>1</item>
								<item>1</item>
								<item>1</item>
							</PerDataSpace>
						</utilized_clusters>
						<reads>
							<PerDataSpace>
								<item>0</item>
								<item>75843</item>
								<item>0</item>
							</PerDataSpace>
						</reads>
						<updates>
							<PerDataSpace>
								<item>0</item>
								<item>0</item>
								<item>138624</item>
							</PerDataSpace>
						</updates>
						<fills>
							<PerDataSpace>
								<item>0</item>
								<item>0</item>
								<item>138624</item>
							</PerDataSpace>
						</fills>
						<gated_reads>
							<PerDataSpace>
								<item>0</item>
								<item>0</item>
								<item>0</item>
							</PerDataSpace>
						</gated_reads>
						<skipped_reads>
							<PerDataSpace>
								<item>0</item>
								<item>0</item>
								<item>0</item>
							</PerDataSpace>
						</skipped_reads>
						<random_reads>
							<PerDataSpace>
								<item>0</item>
								<item>75843</item>
								<item>0</item>
							</PerDataSpace>
						</random_reads>
						<gated_fills>
							<PerDataSpace>
								<item>0</item>
								<item>0</item>
								<item>0</item>
							</PerDataSpace>
						</gated_fills>
						<skipped_fills>
							<PerDataSpace>
								<item>0</item>
								<item>0</item>
								<item>0</item>
							</PerDataSpace>
						</skipped_fills>
						<random_fills>
							<PerDataSpace>
								<item>0</item>
								<item>0</item>
								<item>138624</item>
							</PerDataSpace>
						</random_fills>
						<gated_updates>
							<PerDataSpace>
								<item>0</item>
								<item>0</item>
								<item>0</item>
							</PerDataSpace>
						</gated_updates>
						<skipped_updates>
							<PerDataSpace>
								<item>0</item>
								<item>0</item>
								<item>0</item>
							</PerDataSpace>
						</skipped_updates>
						<random_updates>
							<PerDataSpace>
								<item>0</item>
								<item>0</item>
								<item>138624</item>
							</PerDataSpace>
						</random_updates>
						<random_format_reads>
							<PerDataSpace>
								<item>
									<count>0</count>
									<item_version>0</item_version>
								</item>
								<item>
									<count>0</count>
									<item_version>0</item_version>
								</item>
								<item>
									<count>0</count>
									<item_version>0</item_version>
								</item>
							</PerDataSpace>
						</random_format_reads>
						<gated_format_reads>
							<PerDataSpace>
								<item>
									<count>0</count>
									<item_version>0</item_version>
								</item>
								<item>
									<count>0</count>
									<item_version>0</item_version>
								</item>
								<item>
									<count>0</count>
									<item_version>0</item_version>
								</item>
							</PerDataSpace>
						</gated_format_reads>
						<skipped_format_reads>
							<PerDataSpace>
								<item>
									<count>0</count>
									<item_version>0</item_version>
								</item>
								<item>
									<count>0</count>
									<item_version>0</item_version>
								</item>
								<item>
									<count>0</count>
									<item_version>0</item_version>
								</item>
							</PerDataSpace>
						</skipped_format_reads>
						<random_format_fills>
							<PerDataSpace>
								<item>
									<count>0</count>
									<item_version>0</item_version>
								</item>
								<item>
									<count>0</count>
									<item_version>0</item_version>
								</item>
								<item>
									<count>0</count>
									<item_version>0</item_version>
								</item>
							</PerDataSpace>
						</random_format_fills>
						<gated_format_fills>
							<PerDataSpace>
								<item>
									<count>0</count>
									<item_version>0</item_version>
								</item>
								<item>
									<count>0</count>
									<item_version>0</item_version>
								</item>
								<item>
									<count>0</count>
									<item_version>0</item_version>
								</item>
							</PerDataSpace>
						</gated_format_fills>
						<skipped_format_fills>
							<PerDataSpace>
								<item>
									<count>0</count>
									<item_version>0</item_version>
								</item>
								<item>
									<count>0</count>
									<item_version>0</item_version>
								</item>
								<item>
									<count>0</count>
									<item_version>0</item_version>
								</item>
							</PerDataSpace>
						</skipped_format_fills>
						<random_format_updates>
							<PerDataSpace>
								<item>
									<count>0</count>
									<item_version>0</item_version>
								</item>
								<item>
									<count>0</count>
									<item_version>0</item_version>
								</item>
								<item>
									<count>0</count>
									<item_version>0</item_version>
								</item>
							</PerDataSpace>
						</random_format_updates>
						<gated_format_updates>
							<PerDataSpace>
								<item>
									<count>0</count>
									<item_version>0</item_version>
								</item>
								<item>
									<count>0</count>
									<item_version>0</item_version>
								</item>
								<item>
									<count>0</count>
									<item_version>0</item_version>
								</item>
							</PerDataSpace>
						</gated_format_updates>
						<skipped_format_updates>
							<PerDataSpace>
								<item>
									<count>0</count>
									<item_version>0</item_version>
								</item>
								<item>
									<count>0</count>
									<item_version>0</item_version>
								</item>
								<item>
									<count>0</count>
									<item_version>0</item_version>
								</item>
							</PerDataSpace>
						</skipped_format_updates>
						<decompression_counts>
							<PerDataSpace>
								<item>0</item>
								<item>0</item>
								<item>0</item>
							</PerDataSpace>
						</decompression_counts>
						<compression_counts>
							<PerDataSpace>
								<item>0</item>
								<item>0</item>
								<item>0</item>
							</PerDataSpace>
						</compression_counts>
						<address_generations>
							<PerDataSpace>
								<item>0</item>
								<item>75843</item>
								<item>277248</item>
							</PerDataSpace>
						</address_generations>
						<temporal_reductions>
							<PerDataSpace>
								<item>0</item>
								<item>0</item>
								<item>0</item>
							</PerDataSpace>
						</temporal_reductions>
						<shared_bandwidth>
							<PerDataSpace>
								<item>0.00000000000000000e+00</item>
								<item>4.34073166823103873e-01</item>
								<item>1.58677685950413228e+00</item>
							</PerDataSpace>
						</shared_bandwidth>
						<read_bandwidth>
							<PerDataSpace>
								<item>0.00000000000000000e+00</item>
								<item>4.34073166823103873e-01</item>
								<item>0.00000000000000000e+00</item>
							</PerDataSpace>
						</read_bandwidth>
						<write_bandwidth>
							<PerDataSpace>
								<item>0.00000000000000000e+00</item>
								<item>0.00000000000000000e+00</item>
								<item>1.58677685950413228e+00</item>
							</PerDataSpace>
						</write_bandwidth>
						<energy_per_algorithmic_access>
							<PerDataSpace>
								<item>-nan</item>
								<item>4.12191298867397116e+00</item>
								<item>8.09014999999999951e+00</item>
							</PerDataSpace>
						</energy_per_algorithmic_access>
						<energy_per_access>
							<PerDataSpace>
								<item>-nan</item>
								<item>4.12191298867397116e+00</item>
								<item>8.09014999999999951e+00</item>
							</PerDataSpace>
						</energy_per_access>
						<energy>
							<PerDataSpace>
								<item>0.00000000000000000e+00</item>
								<item>3.12618246799999964e+05</item>
								<item>2.24297790719999978e+06</item>
							</PerDataSpace>
						</energy>
						<temporal_reduction_energy>
							<PerDataSpace>
								<item>0.00000000000000000e+00</item>
								<item>0.00000000000000000e+00</item>
								<item>0.00000000000000000e+00</item>
							</PerDataSpace>
						</temporal_reduction_energy>
						<addr_gen_energy>
							<PerDataSpace>
								<item>0.00000000000000000e+00</item>
								<item>0.00000000000000000e+00</item>
								<item>0.00000000000000000e+00</item>
							</PerDataSpace>
						</addr_gen_energy>
						<cycles>174724</cycles>
						<slowdown>1.00000000000000000e+00</slowdown>
						<format_shared_bandwidth_ratio>
							<PerDataSpace>
								<item>0.00000000000000000e+00</item>
								<item>0.00000000000000000e+00</item>
								<item>0.00000000000000000e+00</item>
							</PerDataSpace>
						</format_shared_bandwidth_ratio>
						<format_read_bandwidth_ratio>
							<PerDataSpace>
								<item>0.00000000000000000e+00</item>
								<item>0.00000000000000000e+00</item>
								<item>0.00000000000000000e+00</item>
							</PerDataSpace>
						</format_read_bandwidth_ratio>
						<format_write_bandwidth_ratio>
							<PerDataSpace>
								<item>0.00000000000000000e+00</item>
								<item>0.00000000000000000e+00</item>
								<item>0.00000000000000000e+00</item>
							</PerDataSpace>
						</format_write_bandwidth_ratio>
					</stats_>
				</px>
			</item>
			<item>
				<px class_id_reference="9" object_id="_6">
					<Level></Level>
					<subnest_>
						<count>1</count>
						<item_version>0</item_version>
						<item>
							<dimension>6</dimension>
							<start>0</start>
							<end>19</end>
							<stride>1</stride>
							<spacetime_dimension>0</spacetime_dimension>
						</item>
					</subnest_>
					<specs_>
						<LevelSpecs>
							<level_name>DRAM</level_name>
						</LevelSpecs>
						<name>
							<t_>DRAM</t_>
						</name>
						<technology>
							<t_>1</t_>
						</technology>
						<size></size>
						<word_bits>
							<t_>16</t_>
						</word_bits>
						<addr_gen_bits>
							<t_>18</t_>
						</addr_gen_bits>
						<block_size>
							<t_>1</t_>
						</block_size>
						<cluster_size>
							<t_>1</t_>
						</cluster_size>
						<instances>
							<t_>1</t_>
						</instances>
						<meshX>
							<t_>1</t_>
						</meshX>
						<meshY>
							<t_>1</t_>
						</meshY>
						<shared_bandwidth>
							<t_>6.00000000000000000e+00</t_>
						</shared_bandwidth>
						<read_bandwidth></read_bandwidth>
						<write_bandwidth></write_bandwidth>
						<multiple_buffering>
							<t_>1.00000000000000000e+00</t_>
						</multiple_buffering>
						<min_utilization>
							<t_>0.00000000000000000e+00</t_>
						</min_utilization>
						<num_ports>
							<t_>2</t_>
						</num_ports>
						<num_banks>
							<t_>2</t_>
						</num_banks>
						<read_network_name></read_network_name>
						<fill_network_name></fill_network_name>
						<drain_network_name></drain_network_name>
						<update_network_name></update_network_name>
					</specs_>
					<stats_>
						<keep>
							<PerDataSpace>
								<item>1</item>
								<item>0</item>
								<item>1</item>
							</PerDataSpace>
						</keep>
						<partition_size>
							<PerDataSpace>
								<item>34848</item>
								<item>0</item>
								<item>138624</item>
							</PerDataSpace>
						</partition_size>
						<utilized_capacity>
							<PerDataSpace>
								<item>34848</item>
								<item>0</item>
								<item>138624</item>
							</PerDataSpace>
						</utilized_capacity>
						<utilized_instances>
							<PerDataSpace>
								<item>1.00000000000000000e+00</item>
								<item>0.00000000000000000e+00</item>
								<item>1.00000000000000000e+00</item>
							</PerDataSpace>
						</utilized_instances>
						<utilized_clusters>
							<PerDataSpace>
								<item>1</item>
								<item>1</item>
								<item>1</item>
							</PerDataSpace>
						</utilized_clusters>
						<reads>
							<PerDataSpace>
								<item>34848</item>
								<item>0</item>
								<item>0</item>
							</PerDataSpace>
						</reads>
						<updates>
							<PerDataSpace>
								<item>0</item>
								<item>0</item>
								<item>138624</item>
							</PerDataSpace>
						</updates>
						<fills>
							<PerDataSpace>
								<item>0</item>
								<item>0</item>
								<item>0</item>
							</PerDataSpace>
						</fills>
						<gated_reads>
							<PerDataSpace>
								<item>0</item>
								<item>0</item>
								<item>0</item>
							</PerDataSpace>
						</gated_reads>
						<skipped_reads>
							<PerDataSpace>
								<item>0</item>
								<item>0</item>
								<item>0</item>
							</PerDataSpace>
						</skipped_reads>
						<random_reads>
							<PerDataSpace>
								<item>34848</item>
								<item>0</item>
								<item>0</item>
							</PerDataSpace>
						</random_reads>
						<gated_fills>
							<PerDataSpace>
								<item>0</item>
								<item>0</item>
								<item>0</item>
							</PerDataSpace>
						</gated_fills>
						<skipped_fills>
							<PerDataSpace>
								<item>0</item>
								<item>0</item>
								<item>0</item>
							</PerDataSpace>
						</skipped_fills>
						<random_fills>
							<PerDataSpace>
								<item>0</item>
								<item>0</item>
								<item>0</item>
							</PerDataSpace>
						</random_fills>
						<gated_updates>
							<PerDataSpace>
								<item>0</item>
								<item>0</item>
								<item>0</item>
							</PerDataSpace>
						</gated_updates>
						<skipped_updates>
							<PerDataSpace>
								<item>0</item>
								<item>0</item>
								<item>0</item>
							</PerDataSpace>
						</skipped_updates>
						<random_updates>
							<PerDataSpace>
								<item>0</item>
								<item>0</item>
								<item>138624</item>
							</PerDataSpace>
						</random_updates>
						<random_format_reads>
							<PerDataSpace>
								<item>
									<count>0</count>
									<item_version>0</item_version>
								</item>
								<item>
									<count>0</count>
									<item_version>0</item_version>
								</item>
								<item>
									<count>0</count>
									<item_version>0</item_version>
								</item>
							</PerDataSpace>
						</random_format_reads>
						<gated_format_reads>
							<PerDataSpace>
								<item>
									<count>0</count>
									<item_version>0</item_version>
								</item>
								<item>
									<count>0</count>
									<item_version>0</item_version>
								</item>
								<item>
									<count>0</count>
									<item_version>0</item_version>
								</item>
							</PerDataSpace>
						</gated_format_reads>
						<skipped_format_reads>
							<PerDataSpace>
								<item>
									<count>0</count>
									<item_version>0</item_version>
								</item>
								<item>
									<count>0</count>
									<item_version>0</item_version>
								</item>
								<item>
									<count>0</count>
									<item_version>0</item_version>
								</item>
							</PerDataSpace>
						</skipped_format_reads>
						<random_format_fills>
							<PerDataSpace>
								<item>
									<count>0</count>
									<item_version>0</item_version>
								</item>
								<item>
									<count>0</count>
									<item_version>0</item_version>
								</item>
								<item>
									<count>0</count>
									<item_version>0</item_version>
								</item>
							</PerDataSpace>
						</random_format_fills>
						<gated_format_fills>
							<PerDataSpace>
								<item>
									<count>0</count>
									<item_version>0</item_version>
								</item>
								<item>
									<count>0</count>
									<item_version>0</item_version>
								</item>
								<item>
									<count>0</count>
									<item_version>0</item_version>
								</item>
							</PerDataSpace>
						</gated_format_fills>
						<skipped_format_fills>
							<PerDataSpace>
								<item>
									<count>0</count>
									<item_version>0</item_version>
								</item>
								<item>
									<count>0</count>
									<item_version>0</item_version>
								</item>
								<item>
									<count>0</count>
									<item_version>0</item_version>
								</item>
							</PerDataSpace>
						</skipped_format_fills>
						<random_format_updates>
							<PerDataSpace>
								<item>
									<count>0</count>
									<item_version>0</item_version>
								</item>
								<item>
									<count>0</count>
									<item_version>0</item_version>
								</item>
								<item>
									<count>0</count>
									<item_version>0</item_version>
								</item>
							</PerDataSpace>
						</random_format_updates>
						<gated_format_updates>
							<PerDataSpace>
								<item>
									<count>0</count>
									<item_version>0</item_version>
								</item>
								<item>
									<count>0</count>
									<item_version>0</item_version>
								</item>
								<item>
									<count>0</count>
									<item_version>0</item_version>
								</item>
							</PerDataSpace>
						</gated_format_updates>
						<skipped_format_updates>
							<PerDataSpace>
								<item>
									<count>0</count>
									<item_version>0</item_version>
								</item>
								<item>
									<count>0</count>
									<item_version>0</item_version>
								</item>
								<item>
									<count>0</count>
									<item_version>0</item_version>
								</item>
							</PerDataSpace>
						</skipped_format_updates>
						<decompression_counts>
							<PerDataSpace>
								<item>0</item>
								<item>0</item>
								<item>0</item>
							</PerDataSpace>
						</decompression_counts>
						<compression_counts>
							<PerDataSpace>
								<item>0</item>
								<item>0</item>
								<item>0</item>
							</PerDataSpace>
						</compression_counts>
						<address_generations>
							<PerDataSpace>
								<item>34848</item>
								<item>0</item>
								<item>138624</item>
							</PerDataSpace>
						</address_generations>
						<temporal_reductions>
							<PerDataSpace>
								<item>0</item>
								<item>0</item>
								<item>0</item>
							</PerDataSpace>
						</temporal_reductions>
						<shared_bandwidth>
							<PerDataSpace>
								<item>1.99445983379501396e-01</item>
								<item>0.00000000000000000e+00</item>
								<item>7.93388429752066138e-01</item>
							</PerDataSpace>
						</shared_bandwidth>
						<read_bandwidth>
							<PerDataSpace>
								<item>1.99445983379501396e-01</item>
								<item>0.00000000000000000e+00</item>
								<item>0.00000000000000000e+00</item>
							</PerDataSpace>
						</read_bandwidth>
						<write_bandwidth>
							<PerDataSpace>
								<item>0.00000000000000000e+00</item>
								<item>0.00000000000000000e+00</item>
								<item>7.93388429752066138e-01</item>
							</PerDataSpace>
						</write_bandwidth>
						<energy_per_algorithmic_access>
							<PerDataSpace>
								<item>1.00000000000000000e+00</item>
								<item>0.00000000000000000e+00</item>
								<item>1.00000000000000000e+00</item>
							</PerDataSpace>
						</energy_per_algorithmic_access>
						<energy_per_access>
							<PerDataSpace>
								<item>1.00000000000000000e+00</item>
								<item>0.00000000000000000e+00</item>
								<item>1.00000000000000000e+00</item>
							</PerDataSpace>
						</energy_per_access>
						<energy>
							<PerDataSpace>
								<item>3.48480000000000000e+04</item>
								<item>0.00000000000000000e+00</item>
								<item>1.38624000000000000e+05</item>
							</PerDataSpace>
						</energy>
						<temporal_reduction_energy>
							<PerDataSpace>
								<item>0.00000000000000000e+00</item>
								<item>0.00000000000000000e+00</item>
								<item>0.00000000000000000e+00</item>
							</PerDataSpace>
						</temporal_reduction_energy>
						<addr_gen_energy>
							<PerDataSpace>
								<item>0.00000000000000000e+00</item>
								<item>0.00000000000000000e+00</item>
								<item>0.00000000000000000e+00</item>
							</PerDataSpace>
						</addr_gen_energy>
						<cycles>174724</cycles>
						<slowdown>1.00000000000000000e+00</slowdown>
						<format_shared_bandwidth_ratio>
							<PerDataSpace>
								<item>0.00000000000000000e+00</item>
								<item>0.00000000000000000e+00</item>
								<item>0.00000000000000000e+00</item>
							</PerDataSpace>
						</format_shared_bandwidth_ratio>
						<format_read_bandwidth_ratio>
							<PerDataSpace>
								<item>0.00000000000000000e+00</item>
								<item>0.00000000000000000e+00</item>
								<item>0.00000000000000000e+00</item>
							</PerDataSpace>
						</format_read_bandwidth_ratio>
						<format_write_bandwidth_ratio>
							<PerDataSpace>
								<item>0.00000000000000000e+00</item>
								<item>0.00000000000000000e+00</item>
								<item>0.00000000000000000e+00</item>
							</PerDataSpace>
						</format_write_bandwidth_ratio>
					</stats_>
				</px>
			</item>
		</levels_>
		<networks_ class_id="22" tracking_level="0" version="0">
			<count>6</count>
			<item_version>0</item_version>
			<item class_id="23" tracking_level="0" version="0">
				<first>DRAM &lt;==&gt; GlobalBuffer</first>
				<second class_id="24" tracking_level="0" version="1">
					<px class_id="25" class_name="model::LegacyNetwork" tracking_level="1" version="0" object_id="_7">
						<Network class_id="26" tracking_level="0" version="0"></Network>
						<specs_ class_id="27" tracking_level="0" version="0">
							<NetworkSpecs class_id="28" tracking_level="0" version="0">
								<name>DRAM &lt;==&gt; GlobalBuffer</name>
							</NetworkSpecs>
							<word_bits>
								<t_>16</t_>
							</word_bits>
							<router_energy></router_energy>
							<wire_energy></wire_energy>
							<tile_width>
								<t_>3.48678090256614769e+03</t_>
							</tile_width>
							<energy_per_hop></energy_per_hop>
							<fill_latency>
								<t_>0</t_>
							</fill_latency>
							<drain_latency>
								<t_>0</t_>
							</drain_latency>
						</specs_>
						<stats_ class_id="29" tracking_level="0" version="0">
							<fanout>
								<PerDataSpace>
									<item>1</item>
									<item>0</item>
									<item>1</item>
								</PerDataSpace>
							</fanout>
							<distributed_fanout>
								<PerDataSpace>
									<item>0</item>
									<item>0</item>
									<item>0</item>
								</PerDataSpace>
							</distributed_fanout>
							<multicast_factor>
								<PerDataSpace>
									<item>1</item>
									<item>0</item>
									<item>1</item>
								</PerDataSpace>
							</multicast_factor>
							<distributed_multicast>
								<PerDataSpace>
									<item>0</item>
									<item>0</item>
									<item>0</item>
								</PerDataSpace>
							</distributed_multicast>
							<link_transfers>
								<PerDataSpace>
									<item>0</item>
									<item>0</item>
									<item>0</item>
								</PerDataSpace>
							</link_transfers>
							<spatial_reductions>
								<PerDataSpace>
									<item>0</item>
									<item>0</item>
									<item>0</item>
								</PerDataSpace>
							</spatial_reductions>
							<link_transfer_energy>
								<PerDataSpace>
									<item>0.00000000000000000e+00</item>
									<item>0.00000000000000000e+00</item>
									<item>0.00000000000000000e+00</item>
								</PerDataSpace>
							</link_transfer_energy>
							<num_hops>
								<PerDataSpace>
									<item>5.00000000000000000e-01</item>
									<item>0.00000000000000000e+00</item>
									<item>5.00000000000000000e-01</item>
								</PerDataSpace>
							</num_hops>
							<energy_per_hop>
								<PerDataSpace>
									<item>0.00000000000000000e+00</item>
									<item>0.00000000000000000e+00</item>
									<item>0.00000000000000000e+00</item>
								</PerDataSpace>
							</energy_per_hop>
							<energy>
								<PerDataSpace>
									<item>0.00000000000000000e+00</item>
									<item>0.00000000000000000e+00</item>
									<item>0.00000000000000000e+00</item>
								</PerDataSpace>
							</energy>
							<spatial_reduction_energy>
								<PerDataSpace>
									<item>0.00000000000000000e+00</item>
									<item>0.00000000000000000e+00</item>
									<item>0.00000000000000000e+00</item>
								</PerDataSpace>
							</spatial_reduction_energy>
						</stats_>
					</px>
				</second>
			</item>
			<item>
				<first>GlobalBuffer &lt;==&gt; PEInputBuffer</first>
				<second>
					<px class_id_reference="25" object_id="_8">
						<Network></Network>
						<specs_>
							<NetworkSpecs>
								<name>GlobalBuffer &lt;==&gt; PEInputBuffer</name>
							</NetworkSpecs>
							<word_bits>
								<t_>16</t_>
							</word_bits>
							<router_energy></router_energy>
							<wire_energy></wire_energy>
							<tile_width>
								<t_>8.41734298283163753e+02</t_>
							</tile_width>
							<energy_per_hop></energy_per_hop>
							<fill_latency>
								<t_>0</t_>
							</fill_latency>
							<drain_latency>
								<t_>0</t_>
							</drain_latency>
						</specs_>
						<stats_>
							<fanout>
								<PerDataSpace>
									<item>12</item>
									<item>12</item>
									<item>12</item>
								</PerDataSpace>
							</fanout>
							<distributed_fanout>
								<PerDataSpace>
									<item>0</item>
									<item>0</item>
									<item>0</item>
								</PerDataSpace>
							</distributed_fanout>
							<multicast_factor>
								<PerDataSpace>
									<item>1</item>
									<item>12</item>
									<item>1</item>
								</PerDataSpace>
							</multicast_factor>
							<distributed_multicast>
								<PerDataSpace>
									<item>0</item>
									<item>0</item>
									<item>0</item>
								</PerDataSpace>
							</distributed_multicast>
							<link_transfers>
								<PerDataSpace>
									<item>0</item>
									<item>0</item>
									<item>0</item>
								</PerDataSpace>
							</link_transfers>
							<spatial_reductions>
								<PerDataSpace>
									<item>0</item>
									<item>0</item>
									<item>0</item>
								</PerDataSpace>
							</spatial_reductions>
							<link_transfer_energy>
								<PerDataSpace>
									<item>0.00000000000000000e+00</item>
									<item>0.00000000000000000e+00</item>
									<item>0.00000000000000000e+00</item>
								</PerDataSpace>
							</link_transfer_energy>
							<num_hops>
								<PerDataSpace>
									<item>1.73205080756887764e+00</item>
									<item>1.14999999999999982e+01</item>
									<item>1.73205080756887764e+00</item>
								</PerDataSpace>
							</num_hops>
							<energy_per_hop>
								<PerDataSpace>
									<item>0.00000000000000000e+00</item>
									<item>0.00000000000000000e+00</item>
									<item>0.00000000000000000e+00</item>
								</PerDataSpace>
							</energy_per_hop>
							<energy>
								<PerDataSpace>
									<item>0.00000000000000000e+00</item>
									<item>0.00000000000000000e+00</item>
									<item>0.00000000000000000e+00</item>
								</PerDataSpace>
							</energy>
							<spatial_reduction_energy>
								<PerDataSpace>
									<item>0.00000000000000000e+00</item>
									<item>0.00000000000000000e+00</item>
									<item>0.00000000000000000e+00</item>
								</PerDataSpace>
							</spatial_reduction_energy>
						</stats_>
					</px>
				</second>
			</item>
			<item>
				<first>PEAccuBuffer &lt;==&gt; PEWeightRegs</first>
				<second>
					<px class_id_reference="25" object_id="_9">
						<Network></Network>
						<specs_>
							<NetworkSpecs>
								<name>PEAccuBuffer &lt;==&gt; PEWeightRegs</name>
							</NetworkSpecs>
							<word_bits>
								<t_>32</t_>
							</word_bits>
							<router_energy></router_energy>
							<wire_energy></wire_energy>
							<tile_width>
								<t_>3.76762524675690145e+01</t_>
							</tile_width>
							<energy_per_hop></energy_per_hop>
							<fill_latency>
								<t_>0</t_>
							</fill_latency>
							<drain_latency>
								<t_>0</t_>
							</drain_latency>
						</specs_>
						<stats_>
							<fanout>
								<PerDataSpace>
									<item>3</item>
									<item>3</item>
									<item>3</item>
								</PerDataSpace>
							</fanout>
							<distributed_fanout>
								<PerDataSpace>
									<item>0</item>
									<item>0</item>
									<item>0</item>
								</PerDataSpace>
							</distributed_fanout>
							<multicast_factor>
								<PerDataSpace>
									<item>1</item>
									<item>1</item>
									<item>3</item>
								</PerDataSpace>
							</multicast_factor>
							<distributed_multicast>
								<PerDataSpace>
									<item>0</item>
									<item>0</item>
									<item>0</item>
								</PerDataSpace>
							</distributed_multicast>
							<link_transfers>
								<PerDataSpace>
									<item>0</item>
									<item>0</item>
									<item>0</item>
								</PerDataSpace>
							</link_transfers>
							<spatial_reductions>
								<PerDataSpace>
									<item>0</item>
									<item>0</item>
									<item>349448</item>
								</PerDataSpace>
							</spatial_reductions>
							<link_transfer_energy>
								<PerDataSpace>
									<item>0.00000000000000000e+00</item>
									<item>0.00000000000000000e+00</item>
									<item>0.00000000000000000e+00</item>
								</PerDataSpace>
							</link_transfer_energy>
							<num_hops>
								<PerDataSpace>
									<item>8.66025403784438819e-01</item>
									<item>8.66025403784438819e-01</item>
									<item>2.49999999999999956e+00</item>
								</PerDataSpace>
							</num_hops>
							<energy_per_hop>
								<PerDataSpace>
									<item>0.00000000000000000e+00</item>
									<item>0.00000000000000000e+00</item>
									<item>0.00000000000000000e+00</item>
								</PerDataSpace>
							</energy_per_hop>
							<energy>
								<PerDataSpace>
									<item>0.00000000000000000e+00</item>
									<item>0.00000000000000000e+00</item>
									<item>0.00000000000000000e+00</item>
								</PerDataSpace>
							</energy>
							<spatial_reduction_energy>
								<PerDataSpace>
									<item>0.00000000000000000e+00</item>
									<item>0.00000000000000000e+00</item>
									<item>0.00000000000000000e+00</item>
								</PerDataSpace>
							</spatial_reduction_energy>
						</stats_>
					</px>
				</second>
			</item>
			<item>
				<first>PEInputBuffer &lt;==&gt; PEWeightBuffer</first>
				<second>
					<px class_id_reference="25" object_id="_10">
						<Network></Network>
						<specs_>
							<NetworkSpecs>
								<name>PEInputBuffer &lt;==&gt; PEWeightBuffer</name>
							</NetworkSpecs>
							<word_bits>
								<t_>16</t_>
							</word_bits>
							<router_energy></router_energy>
							<wire_energy></wire_energy>
							<tile_width>
								<t_>2.73077513928337282e+02</t_>
							</tile_width>
							<energy_per_hop></energy_per_hop>
							<fill_latency>
								<t_>0</t_>
							</fill_latency>
							<drain_latency>
								<t_>0</t_>
							</drain_latency>
						</specs_>
						<stats_>
							<fanout>
								<PerDataSpace>
									<item>8</item>
									<item>8</item>
									<item>8</item>
								</PerDataSpace>
							</fanout>
							<distributed_fanout>
								<PerDataSpace>
									<item>0</item>
									<item>0</item>
									<item>0</item>
								</PerDataSpace>
							</distributed_fanout>
							<multicast_factor>
								<PerDataSpace>
									<item>1</item>
									<item>8</item>
									<item>1</item>
								</PerDataSpace>
							</multicast_factor>
							<distributed_multicast>
								<PerDataSpace>
									<item>0</item>
									<item>0</item>
									<item>0</item>
								</PerDataSpace>
							</distributed_multicast>
							<link_transfers>
								<PerDataSpace>
									<item>0</item>
									<item>0</item>
									<item>0</item>
								</PerDataSpace>
							</link_transfers>
							<spatial_reductions>
								<PerDataSpace>
									<item>0</item>
									<item>0</item>
									<item>0</item>
								</PerDataSpace>
							</spatial_reductions>
							<link_transfer_energy>
								<PerDataSpace>
									<item>0.00000000000000000e+00</item>
									<item>0.00000000000000000e+00</item>
									<item>0.00000000000000000e+00</item>
								</PerDataSpace>
							</link_transfer_energy>
							<num_hops>
								<PerDataSpace>
									<item>1.41421356237309559e+00</item>
									<item>7.50000000000000178e+00</item>
									<item>1.41421356237309537e+00</item>
								</PerDataSpace>
							</num_hops>
							<energy_per_hop>
								<PerDataSpace>
									<item>0.00000000000000000e+00</item>
									<item>0.00000000000000000e+00</item>
									<item>0.00000000000000000e+00</item>
								</PerDataSpace>
							</energy_per_hop>
							<energy>
								<PerDataSpace>
									<item>0.00000000000000000e+00</item>
									<item>0.00000000000000000e+00</item>
									<item>0.00000000000000000e+00</item>
								</PerDataSpace>
							</energy>
							<spatial_reduction_energy>
								<PerDataSpace>
									<item>0.00000000000000000e+00</item>
									<item>0.00000000000000000e+00</item>
									<item>0.00000000000000000e+00</item>
								</PerDataSpace>
							</spatial_reduction_energy>
						</stats_>
					</px>
				</second>
			</item>
			<item>
				<first>PEWeightBuffer &lt;==&gt; PEAccuBuffer</first>
				<second>
					<px class_id_reference="25" object_id="_11">
						<Network></Network>
						<specs_>
							<NetworkSpecs>
								<name>PEWeightBuffer &lt;==&gt; PEAccuBuffer</name>
							</NetworkSpecs>
							<word_bits>
								<t_>16</t_>
							</word_bits>
							<router_energy></router_energy>
							<wire_energy></wire_energy>
							<tile_width>
								<t_>1.27105980094491429e+02</t_>
							</tile_width>
							<energy_per_hop></energy_per_hop>
							<fill_latency>
								<t_>0</t_>
							</fill_latency>
							<drain_latency>
								<t_>0</t_>
							</drain_latency>
						</specs_>
						<stats_>
							<fanout>
								<PerDataSpace>
									<item>1</item>
									<item>1</item>
									<item>1</item>
								</PerDataSpace>
							</fanout>
							<distributed_fanout>
								<PerDataSpace>
									<item>0</item>
									<item>0</item>
									<item>0</item>
								</PerDataSpace>
							</distributed_fanout>
							<multicast_factor>
								<PerDataSpace>
									<item>1</item>
									<item>1</item>
									<item>1</item>
								</PerDataSpace>
							</multicast_factor>
							<distributed_multicast>
								<PerDataSpace>
									<item>0</item>
									<item>0</item>
									<item>0</item>
								</PerDataSpace>
							</distributed_multicast>
							<link_transfers>
								<PerDataSpace>
									<item>0</item>
									<item>0</item>
									<item>0</item>
								</PerDataSpace>
							</link_transfers>
							<spatial_reductions>
								<PerDataSpace>
									<item>0</item>
									<item>0</item>
									<item>0</item>
								</PerDataSpace>
							</spatial_reductions>
							<link_transfer_energy>
								<PerDataSpace>
									<item>0.00000000000000000e+00</item>
									<item>0.00000000000000000e+00</item>
									<item>0.00000000000000000e+00</item>
								</PerDataSpace>
							</link_transfer_energy>
							<num_hops>
								<PerDataSpace>
									<item>5.00000000000000000e-01</item>
									<item>5.00000000000000000e-01</item>
									<item>5.00000000000000000e-01</item>
								</PerDataSpace>
							</num_hops>
							<energy_per_hop>
								<PerDataSpace>
									<item>0.00000000000000000e+00</item>
									<item>0.00000000000000000e+00</item>
									<item>0.00000000000000000e+00</item>
								</PerDataSpace>
							</energy_per_hop>
							<energy>
								<PerDataSpace>
									<item>0.00000000000000000e+00</item>
									<item>0.00000000000000000e+00</item>
									<item>0.00000000000000000e+00</item>
								</PerDataSpace>
							</energy>
							<spatial_reduction_energy>
								<PerDataSpace>
									<item>0.00000000000000000e+00</item>
									<item>0.00000000000000000e+00</item>
									<item>0.00000000000000000e+00</item>
								</PerDataSpace>
							</spatial_reduction_energy>
						</stats_>
					</px>
				</second>
			</item>
			<item>
				<first>PEWeightRegs &lt;==&gt; LMAC</first>
				<second>
					<px class_id_reference="25" object_id="_12">
						<Network></Network>
						<specs_>
							<NetworkSpecs>
								<name>PEWeightRegs &lt;==&gt; LMAC</name>
							</NetworkSpecs>
							<word_bits>
								<t_>16</t_>
							</word_bits>
							<router_energy></router_energy>
							<wire_energy></wire_energy>
							<tile_width>
								<t_>3.52065334845678919e+01</t_>
							</tile_width>
							<energy_per_hop></energy_per_hop>
							<fill_latency>
								<t_>0</t_>
							</fill_latency>
							<drain_latency>
								<t_>0</t_>
							</drain_latency>
						</specs_>
						<stats_>
							<fanout>
								<PerDataSpace>
									<item>1</item>
									<item>1</item>
									<item>1</item>
								</PerDataSpace>
							</fanout>
							<distributed_fanout>
								<PerDataSpace>
									<item>0</item>
									<item>0</item>
									<item>0</item>
								</PerDataSpace>
							</distributed_fanout>
							<multicast_factor>
								<PerDataSpace>
									<item>1</item>
									<item>1</item>
									<item>1</item>
								</PerDataSpace>
							</multicast_factor>
							<distributed_multicast>
								<PerDataSpace>
									<item>0</item>
									<item>0</item>
									<item>0</item>
								</PerDataSpace>
							</distributed_multicast>
							<link_transfers>
								<PerDataSpace>
									<item>0</item>
									<item>0</item>
									<item>0</item>
								</PerDataSpace>
							</link_transfers>
							<spatial_reductions>
								<PerDataSpace>
									<item>0</item>
									<item>0</item>
									<item>0</item>
								</PerDataSpace>
							</spatial_reductions>
							<link_transfer_energy>
								<PerDataSpace>
									<item>0.00000000000000000e+00</item>
									<item>0.00000000000000000e+00</item>
									<item>0.00000000000000000e+00</item>
								</PerDataSpace>
							</link_transfer_energy>
							<num_hops>
								<PerDataSpace>
									<item>5.00000000000000000e-01</item>
									<item>5.00000000000000000e-01</item>
									<item>5.00000000000000000e-01</item>
								</PerDataSpace>
							</num_hops>
							<energy_per_hop>
								<PerDataSpace>
									<item>0.00000000000000000e+00</item>
									<item>0.00000000000000000e+00</item>
									<item>0.00000000000000000e+00</item>
								</PerDataSpace>
							</energy_per_hop>
							<energy>
								<PerDataSpace>
									<item>0.00000000000000000e+00</item>
									<item>0.00000000000000000e+00</item>
									<item>0.00000000000000000e+00</item>
								</PerDataSpace>
							</energy>
							<spatial_reduction_energy>
								<PerDataSpace>
									<item>0.00000000000000000e+00</item>
									<item>0.00000000000000000e+00</item>
									<item>0.00000000000000000e+00</item>
								</PerDataSpace>
							</spatial_reduction_energy>
						</stats_>
					</px>
				</second>
			</item>
		</networks_>
	</topology_>
</engine>
<mapping class_id="30" tracking_level="0" version="0">
	<datatype_bypass_nest>
		<item class_id="31" tracking_level="0" version="0">
			<bits>00000000000000000000000000100101</bits>
		</item>
		<item>
			<bits>00000000000000000000000000011000</bits>
		</item>
		<item>
			<bits>00000000000000000000000000110010</bits>
		</item>
	</datatype_bypass_nest>
</mapping>
<a class_id="32" tracking_level="1" version="0" object_id="_13">
	<workload_ class_id="33" tracking_level="0" version="0">
		<factorized_bounds_ class_id="34" tracking_level="0" version="0">
			<count>7</count>
			<item_version>0</item_version>
			<item class_id="35" tracking_level="0" version="0">
				<first>0</first>
				<second>3</second>
			</item>
			<item>
				<first>1</first>
				<second>96</second>
			</item>
			<item>
				<first>2</first>
				<second>11</second>
			</item>
			<item>
				<first>3</first>
				<second>11</second>
			</item>
			<item>
				<first>4</first>
				<second>1</second>
			</item>
			<item>
				<first>5</first>
				<second>38</second>
			</item>
			<item>
				<first>6</first>
				<second>38</second>
			</item>
		</factorized_bounds_>
		<coefficients_>
			<count>4</count>
			<item_version>0</item_version>
			<item>
				<first>0</first>
				<second>4</second>
			</item>
			<item>
				<first>1</first>
				<second>4</second>
			</item>
			<item>
				<first>2</first>
				<second>1</second>
			</item>
			<item>
				<first>3</first>
				<second>1</second>
			</item>
		</coefficients_>
		<densities_ class_id="36" tracking_level="0" version="0">
			<count>3</count>
			<item_version>0</item_version>
			<item class_id="37" tracking_level="0" version="0">
				<first>0</first>
				<second class_id="38" tracking_level="0" version="1">
					<px class_id="39" class_name="problem::FixedStructuredDistribution" tracking_level="1" version="0" object_id="_14">
						<DensityDistribution class_id="40" tracking_level="0" version="0"></DensityDistribution>
						<specs_ class_id="41" tracking_level="0" version="0">
							<DensityDistributionSpecs class_id="42" tracking_level="0" version="0">
								<type>UNSET</type>
							</DensityDistributionSpecs>
							<type>fixed-structured</type>
							<fixed_density>1.00000000000000000e+00</fixed_density>
						</specs_>
					</px>
				</second>
			</item>
			<item>
				<first>1</first>
				<second>
					<px class_id_reference="39" object_id="_15">
						<DensityDistribution></DensityDistribution>
						<specs_>
							<DensityDistributionSpecs>
								<type>UNSET</type>
							</DensityDistributionSpecs>
							<type>fixed-structured</type>
							<fixed_density>1.00000000000000000e+00</fixed_density>
						</specs_>
					</px>
				</second>
			</item>
			<item>
				<first>2</first>
				<second>
					<px class_id_reference="39" object_id="_16">
						<DensityDistribution></DensityDistribution>
						<specs_>
							<DensityDistributionSpecs>
								<type>UNSET</type>
							</DensityDistributionSpecs>
							<type>fixed-structured</type>
							<fixed_density>1.00000000000000000e+00</fixed_density>
						</specs_>
					</px>
				</second>
			</item>
		</densities_>
	</workload_>
</a>
</boost_serialization>

