{"Workloads": {"VGG02": "./Examples/VGG_Simba/VGG02", "Alexnet": "./Examples/AlexNet_Simba/AlexNet", "Resnet-20": "", "Resnet-50": "", "Lenet": "", "lama-2": "", "GAN": "/TestingDF/DeepFrack_temp/Examples/GAN_Gemmini/problemCNN"}, "Architectures": {"simba-like": "./Examples/AlexNet_Simba/simba_like", "eyeriss": "", "gpu": "", "Gemmini": "/TestingDF/DeepFrack_temp/Examples/GAN_Gemmini/FP32_Gemmini", "Systolic Simba": "/TestingDF/DeepFrack_temp/Examples/GAN_SimbaSystolic/SystolicSimba"}, "Combinations": {"VGG02 | Simba-like": "./Examples/VGG_Simba/BenchMarkLogFiles", "AlexNet | Simba-like": "./Examples/AlexNet_Simba/BenchMarkLogFiles"}}